Brand,Model,Release_Year,Screen_Size (inches),Processor,RAM (GB),Storage (GB),Rear_Camera (MP),Front_Camera (MP),Battery (mAh),Operating_System,Price (USD),Weight (g),Dimensions (mm),SIM_Card_Type,Connectivity,Color,Water_Resistance,Rating
OnePlus,Phone-433,2022,4.7,Kirin,10,417,63,7,2309,Android,518.0021762388294,104.99927088743704,108 x 55 x 9.719916793618003,eSIM,Wi-Fi 6,Black,Not Rated,3.7
Apple,Phone-423,2020,6.0,Snapdragon,5,73,96,13,2590,iOS,1917.4650286665465,282.39655917741266,181 x 70 x 6.6252606630245925,Nano-SIM,Wi-Fi 6,Silver,Not Rated,4.9
Samsung,Phone-899,2023,6.0,Snapdragon,2,465,30,2,2216,iOS,1797.392062503314,251.40588390729667,141 x 72 x 5.566305512195159,eSIM,Bluetooth 5.0,Gold,Not Rated,4.9
Sony,Phone-851,2015,6.3,Exynos,13,384,64,2,5056,iOS,672.8187043654275,271.923759199214,148 x 64 x 7.271836291468581,eSIM,5G,Red,IP68,4.8
OnePlus,Phone-995,2022,6.0,Snapdragon,12,423,13,35,5479,iOS,360.72914251477783,242.70564779432024,113 x 81 x 9.485959989236687,Nano-SIM,5G,Gold,Not Rated,3.1
Sony,Phone-601,2015,4.3,A-series,11,148,84,14,3998,Android,1828.3538971285948,171.39070059448255,117 x 52 x 5.257371191972709,eSIM,4G,Gold,IP68,3.4
Huawei,Phone-346,2018,5.1,Snapdragon,12,59,6,40,5983,Android,1374.3063269506458,234.0551586930605,118 x 55 x 8.706800298808876,Micro-SIM,Bluetooth 5.0,Blue,IP68,3.9
Samsung,Phone-486,2015,6.5,Snapdragon,15,494,79,6,4512,iOS,355.1665430619418,183.98972259237647,121 x 79 x 6.183371498088517,eSIM,Bluetooth 5.0,Gold,Not Rated,4.2
OnePlus,Phone-184,2010,6.8,A-series,7,476,86,32,4909,iOS,1890.6816804900182,280.02411149444833,200 x 84 x 5.534815342832143,Nano-SIM,5G,Black,IP68,3.5
Apple,Phone-301,2012,5.8,Kirin,13,38,17,10,3629,iOS,731.0701585145499,285.72103917738707,100 x 82 x 5.460496982572705,Micro-SIM,5G,Silver,Not Rated,3.1
Huawei,Phone-831,2019,4.0,Exynos,10,344,94,25,1709,iOS,1726.2886347003366,290.16035594409175,152 x 76 x 7.363096693922223,Micro-SIM,4G,Black,Not Rated,4.3
OnePlus,Phone-993,2010,5.0,Exynos,10,416,16,3,3427,iOS,1227.3025665952935,172.2985221555071,155 x 100 x 5.951332391680587,Micro-SIM,Bluetooth 5.0,Black,Not Rated,3.8
OnePlus,Phone-614,2020,6.3,Snapdragon,3,294,100,20,1576,iOS,330.54927672519364,150.57993965214825,128 x 95 x 5.294651450750433,eSIM,4G,Gold,Not Rated,4.4
Huawei,Phone-32,2014,5.8,A-series,9,446,19,13,4877,iOS,182.99829513825588,297.8355581884073,135 x 54 x 6.306573348590188,eSIM,5G,Red,Not Rated,4.2
Apple,Phone-837,2014,6.2,Exynos,14,78,99,15,2967,Android,864.3803825812145,196.7231853760704,132 x 77 x 9.569520660996465,Micro-SIM,4G,Blue,Not Rated,3.1
Google,Phone-880,2018,5.2,Snapdragon,3,385,10,9,4174,iOS,547.1187861988365,232.03332792939742,134 x 60 x 9.50709124028059,Micro-SIM,Bluetooth 5.0,Silver,Not Rated,3.7
Google,Phone-669,2015,6.7,A-series,9,129,17,27,4202,iOS,372.4498053538932,163.97697739533146,144 x 71 x 7.5542987803639905,Nano-SIM,4G,Blue,Not Rated,3.1
Samsung,Phone-513,2013,5.6,A-series,8,367,47,31,4032,iOS,1290.61616173648,260.0315509163827,103 x 75 x 6.165569341585963,Nano-SIM,Bluetooth 5.0,Blue,Not Rated,4.2
Huawei,Phone-925,2020,4.0,Exynos,12,410,36,36,1880,Android,228.1193666570079,156.1959164224108,111 x 75 x 5.287682503646426,eSIM,5G,Silver,IP68,3.9
Samsung,Phone-150,2019,4.6,A-series,3,363,20,27,2372,Android,251.89923595462648,173.2974152962203,157 x 61 x 6.443020226478419,eSIM,4G,Gold,Not Rated,3.1
Huawei,Phone-333,2013,6.6,A-series,2,69,18,21,2414,Android,468.92491131101,295.1275079923125,176 x 99 x 9.774702231334784,eSIM,Wi-Fi 6,Silver,Not Rated,4.3
Google,Phone-913,2021,4.5,Kirin,6,479,58,39,1957,iOS,1596.6465415601783,103.7290059874169,118 x 89 x 6.338849047261832,eSIM,5G,Black,Not Rated,3.1
Google,Phone-998,2020,4.4,Exynos,10,73,45,23,5699,Android,1157.1900093713393,245.03967594215504,196 x 50 x 6.57562280510648,Nano-SIM,5G,Silver,Not Rated,3.9
Google,Phone-485,2020,4.3,Kirin,16,396,84,29,1714,iOS,1422.9932296723237,289.2110093992832,185 x 50 x 5.212804035485148,eSIM,Wi-Fi 6,Silver,Not Rated,4.9
OnePlus,Phone-445,2015,5.3,Snapdragon,7,404,69,15,3615,iOS,961.6492917861455,155.85962489637325,101 x 79 x 6.220393883706225,Nano-SIM,Wi-Fi 6,Red,IP68,3.7
Huawei,Phone-516,2021,5.4,Exynos,10,304,92,40,2857,iOS,336.67197532053626,165.6361185874203,183 x 68 x 9.771218157457712,Micro-SIM,4G,Red,IP68,4.9
Huawei,Phone-778,2022,4.4,A-series,4,57,20,26,3157,Android,732.2954125376243,216.49249503647954,107 x 71 x 9.083254308254542,Nano-SIM,5G,Red,IP68,4.9
Apple,Phone-213,2022,6.7,A-series,15,162,49,6,2574,iOS,600.2326093635304,194.77016908540776,128 x 85 x 6.223207348559901,Micro-SIM,5G,Gold,Not Rated,4.8
OnePlus,Phone-61,2013,4.9,Snapdragon,9,145,85,37,2812,iOS,1183.8164789635898,260.0653563367106,172 x 98 x 7.97432062359044,Micro-SIM,5G,Black,Not Rated,4.1
Huawei,Phone-807,2021,4.7,Kirin,14,508,70,39,2634,iOS,266.84824156102957,262.8446286199679,198 x 79 x 8.282212370881755,Micro-SIM,Wi-Fi 6,Gold,IP68,4.1
Google,Phone-560,2014,5.3,Snapdragon,11,382,20,38,3588,iOS,1590.334889526202,217.19983973299205,167 x 86 x 8.518165250292837,Micro-SIM,4G,Black,Not Rated,4.1
OnePlus,Phone-219,2013,5.1,Snapdragon,12,411,101,30,5820,Android,744.3492740899002,202.49428915462119,118 x 55 x 8.466004621187606,eSIM,5G,Silver,Not Rated,3.2
Sony,Phone-442,2022,6.7,Kirin,10,222,55,11,3754,Android,300.1851964470022,213.38671739612045,131 x 65 x 7.752238157077232,Nano-SIM,4G,Silver,IP68,3.3
OnePlus,Phone-107,2017,6.8,Snapdragon,5,88,85,39,2423,iOS,351.2966477543996,198.34627925077567,132 x 93 x 6.349285669077357,eSIM,5G,Black,IP68,3.5
OnePlus,Phone-178,2020,6.5,Kirin,12,259,99,2,2920,iOS,688.1396831461417,295.3582957656496,142 x 75 x 7.587160316259528,Nano-SIM,5G,Black,Not Rated,4.6
Apple,Phone-778,2019,6.1,Exynos,2,398,95,19,2232,iOS,1718.1698486282303,293.19872954539335,143 x 62 x 5.6208009688126666,eSIM,Wi-Fi 6,Red,IP68,3.5
Sony,Phone-531,2014,6.5,Kirin,8,392,16,14,2519,iOS,633.0983626761442,149.71471646141413,114 x 90 x 8.447712860464272,Micro-SIM,Bluetooth 5.0,Blue,IP68,4.0
Sony,Phone-45,2019,5.1,Snapdragon,12,362,11,9,1811,iOS,1120.8178386987122,159.15671981348393,119 x 56 x 6.3818429627539714,Nano-SIM,5G,Silver,Not Rated,4.9
Samsung,Phone-886,2012,6.9,Kirin,15,69,36,8,5213,Android,1794.9319141993199,115.76472630585408,102 x 73 x 9.21373283493794,Nano-SIM,Bluetooth 5.0,Black,Not Rated,4.4
OnePlus,Phone-673,2017,4.7,A-series,7,297,15,37,2704,iOS,498.5498237831561,253.64972928508783,112 x 72 x 7.886536434883368,Nano-SIM,4G,Blue,IP68,3.3
Huawei,Phone-754,2018,4.2,A-series,15,282,10,39,1835,Android,760.4259190616186,274.55882770595514,103 x 98 x 5.3411410416774405,Nano-SIM,5G,Gold,Not Rated,4.3
Samsung,Phone-32,2020,4.5,Kirin,15,151,5,31,3876,iOS,1715.4322090333835,229.73959994054042,170 x 80 x 5.198773021459545,eSIM,5G,Black,IP68,3.7
Huawei,Phone-390,2018,4.1,Exynos,5,130,99,10,2255,iOS,824.4523275088874,184.11503967307024,132 x 82 x 6.429158880315898,eSIM,5G,Blue,IP68,3.1
Samsung,Phone-766,2023,5.2,Kirin,11,260,50,24,3308,Android,1310.9410398097323,224.35226826019806,195 x 74 x 5.668603604981747,eSIM,5G,Gold,Not Rated,3.5
Huawei,Phone-566,2019,4.2,Snapdragon,2,498,6,7,4210,Android,1815.879471476252,291.2094163925668,169 x 94 x 9.517316513915935,Nano-SIM,4G,Blue,Not Rated,3.6
Huawei,Phone-593,2010,4.1,Exynos,13,24,9,25,4792,Android,1264.2719171006206,258.984019079752,153 x 92 x 9.515929295957648,Micro-SIM,Bluetooth 5.0,Silver,Not Rated,4.8
Sony,Phone-770,2010,5.9,Kirin,15,272,73,20,2452,iOS,1442.8598484438871,186.83315258540713,154 x 100 x 5.537911358257233,eSIM,Bluetooth 5.0,Black,IP68,4.4
Apple,Phone-107,2014,6.2,Exynos,4,449,48,28,3929,Android,437.3499956115676,219.11702261624094,188 x 77 x 6.286018133295786,Micro-SIM,Bluetooth 5.0,Red,IP68,4.9
Google,Phone-132,2014,5.6,A-series,6,133,34,31,2480,Android,294.83016620928834,111.0985340302556,135 x 63 x 8.18989054211697,Nano-SIM,Wi-Fi 6,Silver,IP68,4.5
Google,Phone-559,2017,6.6,Snapdragon,6,455,19,25,3536,iOS,1711.2599407721002,174.82483512710442,120 x 80 x 9.242219086209076,Nano-SIM,4G,Blue,Not Rated,3.6
Apple,Phone-309,2013,6.7,Exynos,8,41,91,26,5118,Android,1490.5760649717695,104.89663937953489,182 x 81 x 7.564281410392396,Nano-SIM,5G,Black,IP68,4.6
Huawei,Phone-310,2011,6.1,Snapdragon,9,146,86,33,4032,Android,1798.2623249923035,201.1205111828864,166 x 70 x 8.302961239903484,Micro-SIM,4G,Gold,IP68,3.3
Sony,Phone-920,2011,4.2,Kirin,11,353,75,23,2797,iOS,1092.9144530720769,291.26697894624846,198 x 78 x 5.876504719422322,eSIM,5G,Black,IP68,3.4
OnePlus,Phone-188,2023,6.3,Kirin,14,240,107,16,3103,Android,1301.5336604036222,214.23428772235906,116 x 75 x 5.379813649467463,eSIM,4G,Black,IP68,3.6
Google,Phone-931,2016,5.3,Exynos,11,339,68,18,4660,iOS,827.8081908956377,115.71951557176476,193 x 91 x 7.722357987064978,Micro-SIM,Bluetooth 5.0,Blue,IP68,4.2
OnePlus,Phone-956,2020,5.3,Exynos,14,298,15,12,2912,iOS,255.95425154846413,235.0365527602463,179 x 63 x 7.8789792180650196,Nano-SIM,Wi-Fi 6,Blue,Not Rated,3.7
Huawei,Phone-865,2023,6.3,A-series,15,361,85,27,4755,Android,564.5150105759902,270.4459690080065,165 x 93 x 9.57488863022304,Micro-SIM,Bluetooth 5.0,Blue,Not Rated,3.1
Huawei,Phone-512,2015,6.6,A-series,6,344,57,21,2684,iOS,1817.157678626287,183.54628187442816,149 x 63 x 7.047883930539876,Micro-SIM,5G,Blue,Not Rated,3.2
Samsung,Phone-665,2021,6.5,Kirin,14,267,5,23,1940,iOS,849.6176799897689,192.34147251570516,179 x 55 x 7.708445376486557,Micro-SIM,5G,Blue,Not Rated,3.1
OnePlus,Phone-530,2022,5.6,Exynos,8,292,73,19,2607,Android,138.6242951134593,180.42169995121927,197 x 50 x 8.345501214924775,Nano-SIM,4G,Red,IP68,4.5
Huawei,Phone-461,2011,5.6,Snapdragon,16,385,88,33,5761,iOS,156.57569584883916,120.89526184108384,164 x 92 x 8.886730534364194,Nano-SIM,Wi-Fi 6,Blue,Not Rated,3.2
Huawei,Phone-953,2020,6.9,A-series,3,381,49,15,3650,Android,200.19640530634706,116.49713948018896,188 x 88 x 6.3241382802988175,eSIM,4G,Black,Not Rated,3.4
Huawei,Phone-887,2020,6.8,Exynos,9,179,45,38,5880,iOS,1828.3676627266639,239.08627893730767,160 x 56 x 5.52862414463057,eSIM,Wi-Fi 6,Gold,Not Rated,5.0
Samsung,Phone-689,2013,5.8,Kirin,9,366,20,13,1868,iOS,1997.5653877164286,213.82821123729866,183 x 78 x 9.507500082703832,eSIM,Bluetooth 5.0,Silver,Not Rated,3.6
Huawei,Phone-647,2011,6.6,A-series,14,231,90,20,4174,Android,1305.072629858539,272.9859396319033,176 x 70 x 7.493234252809096,Micro-SIM,Bluetooth 5.0,Red,Not Rated,4.6
Samsung,Phone-774,2014,4.7,Kirin,4,25,61,37,3872,Android,942.0510135536167,192.0316301613941,183 x 90 x 5.799785006847635,Nano-SIM,Wi-Fi 6,Silver,Not Rated,3.3
Sony,Phone-936,2022,4.9,A-series,11,108,80,9,1548,iOS,1008.3819376522995,288.2931070021634,191 x 57 x 6.341662369895341,Nano-SIM,5G,Blue,IP68,4.1
Google,Phone-319,2023,7.0,A-series,15,24,42,32,5381,iOS,1158.8840635538577,266.97138780168393,158 x 88 x 9.85103821955959,Nano-SIM,Wi-Fi 6,Silver,IP68,3.4
Apple,Phone-402,2023,6.4,Kirin,16,425,36,28,2374,iOS,1801.1796596645618,149.76697622626517,122 x 63 x 5.405594456075514,eSIM,Wi-Fi 6,Gold,IP68,3.5
Google,Phone-103,2018,4.8,Snapdragon,8,92,14,8,2138,Android,937.6497409695239,290.37744781018995,193 x 77 x 8.500967777497271,Micro-SIM,4G,Blue,IP68,3.0
Samsung,Phone-722,2022,5.2,Snapdragon,9,364,108,8,2778,iOS,1525.0338651630507,239.42623995625098,147 x 92 x 5.618013107069057,Nano-SIM,5G,Blue,IP68,3.1
Apple,Phone-681,2019,4.7,Kirin,14,483,13,19,4813,Android,1206.5694075795586,268.67092364113375,127 x 66 x 6.167060933263805,Nano-SIM,5G,Red,IP68,3.8
Apple,Phone-554,2011,6.8,Exynos,6,168,40,29,1906,iOS,856.0775808813796,188.74311255647427,191 x 86 x 5.0156146127033905,eSIM,Bluetooth 5.0,Blue,Not Rated,5.0
Sony,Phone-376,2023,6.0,Snapdragon,10,268,34,39,2806,iOS,1997.4989379961125,214.66062556379882,142 x 57 x 7.119741815902689,eSIM,Bluetooth 5.0,Gold,Not Rated,4.7
Google,Phone-518,2013,4.2,Snapdragon,10,180,103,29,4975,Android,546.9448766861116,147.84280746242607,175 x 55 x 6.443944465715069,eSIM,Wi-Fi 6,Black,IP68,4.0
Huawei,Phone-674,2019,6.4,Exynos,12,355,39,16,5999,Android,1571.6761640269503,143.50302360049778,141 x 64 x 5.897812379769968,Nano-SIM,Wi-Fi 6,Black,Not Rated,3.9
Huawei,Phone-173,2016,6.8,Exynos,3,512,79,17,3287,Android,1563.9775393003824,194.0025000511079,123 x 81 x 5.135977454134633,eSIM,4G,Silver,IP68,4.6
Apple,Phone-43,2010,4.0,A-series,6,438,91,35,5095,Android,1646.5698135848502,289.485554598473,124 x 81 x 5.070856491575238,eSIM,Bluetooth 5.0,Silver,Not Rated,4.1
Samsung,Phone-207,2020,6.6,Kirin,12,37,52,24,2642,Android,1403.5936364349402,292.11570984247766,129 x 67 x 6.152370966744083,eSIM,Wi-Fi 6,Gold,IP68,3.9
OnePlus,Phone-362,2016,4.8,Exynos,13,173,95,4,3214,Android,348.0640134357491,204.2884970786369,197 x 80 x 7.285723628319488,Micro-SIM,4G,Silver,Not Rated,4.6
Huawei,Phone-516,2016,6.8,Snapdragon,16,453,83,5,1986,iOS,1970.588705356727,151.66895577317342,112 x 97 x 6.683876981171126,Micro-SIM,5G,Blue,IP68,3.8
Apple,Phone-107,2015,4.6,Snapdragon,15,462,92,18,3801,Android,1532.3532670716106,121.6592720086966,120 x 100 x 6.030550873191054,Nano-SIM,4G,Blue,Not Rated,3.7
Samsung,Phone-457,2016,5.4,Snapdragon,2,268,82,8,4989,iOS,810.9952912592747,113.76053723702188,117 x 79 x 5.562269234112259,eSIM,Bluetooth 5.0,Gold,IP68,4.4
Huawei,Phone-193,2013,5.4,Exynos,12,68,93,8,3517,iOS,1576.8350567193875,114.69391504035728,191 x 69 x 8.009815569467058,Nano-SIM,Bluetooth 5.0,Blue,Not Rated,4.2
Samsung,Phone-835,2013,6.4,A-series,12,240,55,4,3488,Android,371.918085076419,100.53594793323822,130 x 67 x 9.4620163655534,Micro-SIM,4G,Gold,IP68,4.3
Google,Phone-947,2023,6.5,Snapdragon,15,149,38,24,3801,iOS,1325.8940546860454,276.10264217339324,197 x 92 x 8.182132576181388,Nano-SIM,Bluetooth 5.0,Blue,Not Rated,4.0
Google,Phone-714,2022,4.6,Kirin,12,19,22,18,3565,Android,806.7117821775852,109.96640651624037,174 x 61 x 8.556011108260314,Nano-SIM,4G,Blue,IP68,3.9
Apple,Phone-519,2023,4.4,Kirin,3,383,65,5,2705,iOS,339.36310964711674,192.0138027731785,156 x 63 x 7.068548869582963,eSIM,Wi-Fi 6,Red,IP68,3.4
Apple,Phone-58,2018,6.1,Exynos,4,66,100,34,3034,Android,1097.0879446017461,299.21469851272525,168 x 71 x 6.086033748965729,Micro-SIM,4G,Silver,Not Rated,4.9
Google,Phone-669,2021,6.0,Exynos,3,106,36,11,3582,iOS,1963.6565290464969,109.50750041211003,158 x 63 x 7.117369708925936,Nano-SIM,4G,Black,IP68,3.5
Google,Phone-569,2012,6.6,Exynos,10,381,46,14,3314,iOS,1490.686074379242,188.7917228662796,161 x 89 x 9.915364690223026,eSIM,Wi-Fi 6,Red,IP68,4.7
Google,Phone-625,2010,6.6,Kirin,10,245,79,31,4839,iOS,1386.710320428502,124.65464584409438,132 x 62 x 5.808556545202894,Nano-SIM,4G,Silver,Not Rated,3.3
Apple,Phone-814,2022,6.7,A-series,6,420,7,40,2518,iOS,1509.6306355391112,110.8065006714598,136 x 75 x 7.5004819205392845,Nano-SIM,Wi-Fi 6,Gold,IP68,3.6
Huawei,Phone-174,2020,5.4,Exynos,12,213,99,27,4918,Android,1517.496172294076,101.64547664753228,146 x 73 x 7.3841868664408565,eSIM,5G,Gold,IP68,3.1
Huawei,Phone-730,2017,6.8,Snapdragon,11,289,16,26,1984,Android,907.2604517445689,215.15660416571347,122 x 96 x 9.592666102759793,Nano-SIM,5G,Black,Not Rated,4.1
Apple,Phone-833,2010,6.4,A-series,14,323,18,34,1836,iOS,1170.8712090269357,157.62300246150707,101 x 68 x 5.872434273716676,Micro-SIM,4G,Silver,IP68,4.0
Apple,Phone-833,2014,4.4,A-series,7,90,76,32,3740,iOS,1698.4060080009092,266.09960771322244,136 x 54 x 8.411230926636566,Micro-SIM,Wi-Fi 6,Red,Not Rated,3.1
Huawei,Phone-555,2013,5.5,A-series,10,198,7,10,2964,Android,712.0164171117261,178.092742003269,125 x 64 x 9.244605983614477,Nano-SIM,Bluetooth 5.0,Blue,IP68,3.7
Apple,Phone-724,2016,6.0,Snapdragon,15,449,86,40,5576,iOS,885.7354461099637,118.30827290525212,145 x 83 x 6.483747912550273,eSIM,4G,Silver,IP68,4.4
Google,Phone-116,2016,6.1,Snapdragon,5,411,63,23,3503,iOS,1942.1986924659136,192.5331332915838,190 x 58 x 8.390391528756359,Micro-SIM,Bluetooth 5.0,Gold,IP68,3.9
Sony,Phone-472,2018,5.4,A-series,4,394,108,8,2592,Android,903.7132676148383,204.450358770175,192 x 86 x 5.209843129514972,Nano-SIM,5G,Gold,IP68,4.8
OnePlus,Phone-65,2017,4.9,Exynos,13,82,75,40,2445,Android,840.6073831454405,152.81494922791467,189 x 89 x 8.204651093800424,Micro-SIM,Bluetooth 5.0,Red,Not Rated,4.2
Apple,Phone-540,2011,5.9,Exynos,9,450,51,20,4208,iOS,538.3576770841864,237.10344464691454,101 x 93 x 7.58660150023863,Nano-SIM,4G,Black,IP68,3.5
Sony,Phone-48,2015,5.9,A-series,15,295,90,39,1757,Android,1030.7724244911308,132.76472744729637,175 x 80 x 8.740850628883644,eSIM,5G,Blue,IP68,3.1
OnePlus,Phone-782,2020,5.0,Kirin,14,510,20,33,5631,Android,443.3290839430284,211.12529521369723,124 x 68 x 8.21165558172181,Micro-SIM,5G,Black,Not Rated,3.6
Samsung,Phone-229,2016,5.7,Kirin,4,417,76,21,2965,Android,633.360262470917,171.36439125035196,139 x 59 x 5.751021426768113,Micro-SIM,Bluetooth 5.0,Silver,IP68,3.3
Apple,Phone-268,2016,4.2,Exynos,4,177,76,4,1967,Android,662.6219886229843,221.1972693912679,131 x 88 x 5.906851822324329,Nano-SIM,Wi-Fi 6,Black,IP68,4.2
OnePlus,Phone-603,2017,6.3,Exynos,12,124,106,34,2252,iOS,239.99915018138466,169.69309476771872,159 x 61 x 7.000183570517316,Nano-SIM,Wi-Fi 6,Gold,Not Rated,3.7
Google,Phone-687,2014,5.8,Snapdragon,14,471,101,17,3858,Android,750.3322759747052,271.94317237082623,179 x 98 x 6.409203211870352,eSIM,5G,Blue,Not Rated,4.2
OnePlus,Phone-708,2016,5.2,Snapdragon,7,57,65,35,2602,iOS,1248.3344474318237,200.9048198217798,146 x 71 x 7.462571034667083,eSIM,Bluetooth 5.0,Black,IP68,3.5
Apple,Phone-131,2010,4.2,Snapdragon,6,46,9,3,2529,iOS,329.28933520114913,209.5951365113682,154 x 57 x 7.176103230283279,eSIM,5G,Blue,Not Rated,4.1
Huawei,Phone-32,2019,5.7,Kirin,8,334,105,22,1738,Android,1757.4713684067644,261.42693924531284,199 x 55 x 6.0918125443962206,Micro-SIM,4G,Black,Not Rated,3.1
Huawei,Phone-116,2021,5.7,A-series,16,499,10,33,2880,Android,584.4477841865971,219.3401923938962,110 x 57 x 6.050039551845501,eSIM,Wi-Fi 6,Blue,Not Rated,3.1
Google,Phone-646,2018,4.4,A-series,4,380,54,21,2268,Android,1608.048331402524,227.56570749797478,135 x 72 x 9.96196903487515,Nano-SIM,4G,Gold,IP68,3.3
Sony,Phone-192,2017,4.6,Snapdragon,13,453,69,25,1642,iOS,1075.7422585251343,166.06588044413706,120 x 89 x 8.819364929190492,eSIM,4G,Blue,Not Rated,4.5
Huawei,Phone-344,2016,4.7,Snapdragon,10,494,82,25,4259,iOS,978.1748253198325,296.91152193262144,136 x 85 x 7.635363947326115,Micro-SIM,Bluetooth 5.0,Blue,Not Rated,4.6
Huawei,Phone-901,2020,6.6,Kirin,11,269,94,21,4047,iOS,731.0486809044748,124.54811465253638,140 x 82 x 8.594496734406135,Nano-SIM,Wi-Fi 6,Gold,Not Rated,4.6
Apple,Phone-398,2021,6.1,Kirin,3,254,19,20,5255,Android,1031.0440934671828,214.0148279263225,148 x 67 x 6.622881071520243,eSIM,5G,Red,IP68,3.3
OnePlus,Phone-993,2015,4.3,A-series,10,28,49,26,2239,iOS,1995.479010794343,177.78637387427398,195 x 95 x 5.038276686552856,eSIM,Bluetooth 5.0,Gold,Not Rated,4.3
OnePlus,Phone-758,2022,4.2,Kirin,15,309,50,27,4789,iOS,427.63033380481653,173.28894802966636,172 x 59 x 5.149039416021975,Micro-SIM,Bluetooth 5.0,Silver,Not Rated,3.0
Apple,Phone-83,2020,5.6,A-series,16,93,102,18,4914,Android,388.07814926914494,279.7471805952699,143 x 93 x 6.9291040242822,Nano-SIM,5G,Blue,Not Rated,3.3
Google,Phone-632,2020,4.7,Kirin,2,128,37,8,2942,Android,288.87599859678664,150.88591219993222,114 x 84 x 7.2526010073326805,Micro-SIM,Bluetooth 5.0,Black,Not Rated,3.8
Sony,Phone-421,2013,6.7,Snapdragon,5,224,71,8,2173,Android,870.8709890553677,109.67443887383902,192 x 83 x 8.498264845955589,Nano-SIM,Bluetooth 5.0,Red,Not Rated,3.9
OnePlus,Phone-850,2011,4.6,Snapdragon,5,160,12,27,5181,Android,131.7919077888937,178.7508197542356,171 x 82 x 6.3656621656922034,Nano-SIM,Bluetooth 5.0,Red,IP68,3.5
OnePlus,Phone-147,2010,5.9,Snapdragon,3,385,33,37,4414,iOS,315.34235862804843,255.29564764773153,195 x 60 x 7.394495393043439,eSIM,Bluetooth 5.0,Gold,Not Rated,3.5
Huawei,Phone-870,2013,4.8,A-series,14,505,50,14,3236,iOS,1831.3972840203617,152.15637608344892,120 x 70 x 9.919754771254528,eSIM,5G,Blue,IP68,3.2
OnePlus,Phone-981,2015,5.0,Snapdragon,9,345,80,6,3853,iOS,951.1984100211222,200.66897593388535,173 x 75 x 6.348454920574651,Nano-SIM,Bluetooth 5.0,Silver,Not Rated,3.1
OnePlus,Phone-376,2016,4.4,A-series,3,213,83,3,4037,iOS,305.27605917777066,177.73849762942586,140 x 72 x 5.62022130154462,Micro-SIM,Bluetooth 5.0,Silver,Not Rated,4.7
Sony,Phone-512,2011,4.4,A-series,4,509,97,31,4077,iOS,1567.831180195956,297.6749721508894,122 x 92 x 8.116653572801376,eSIM,4G,Black,IP68,4.7
Sony,Phone-399,2022,4.2,A-series,11,437,35,35,3857,iOS,430.56233243245197,104.87317944693434,104 x 58 x 7.209776162144957,Micro-SIM,5G,Gold,Not Rated,3.2
Huawei,Phone-493,2017,5.6,Snapdragon,12,60,90,8,1793,iOS,1529.2994917584847,263.63200602554855,117 x 54 x 9.054416110363146,Nano-SIM,Wi-Fi 6,Silver,Not Rated,3.7
Sony,Phone-155,2021,5.2,Exynos,8,410,100,35,1539,iOS,1850.1878194651576,267.309108665651,154 x 68 x 5.380847494773472,Nano-SIM,Wi-Fi 6,Silver,IP68,4.7
Apple,Phone-309,2018,5.6,Kirin,4,92,40,15,2444,Android,338.9181236586762,132.2657928511687,135 x 60 x 6.46237605898753,Nano-SIM,Wi-Fi 6,Red,Not Rated,3.2
Samsung,Phone-74,2015,5.0,Kirin,7,190,38,34,3095,iOS,1833.4036772057061,297.0423398225822,149 x 60 x 8.27051764757942,Nano-SIM,Wi-Fi 6,Red,IP68,3.9
Google,Phone-536,2018,6.9,Kirin,14,33,90,2,2135,Android,283.2917823476809,138.20171917922443,190 x 95 x 6.130362606018485,eSIM,5G,Blue,IP68,3.9
Sony,Phone-215,2021,6.2,Snapdragon,3,497,53,33,5941,Android,1002.3654090183642,296.05092129579407,196 x 76 x 7.449681124685556,Nano-SIM,Wi-Fi 6,Silver,IP68,4.8
Google,Phone-489,2019,5.7,Exynos,3,336,44,16,2621,Android,703.6663470994915,106.12328480901347,185 x 62 x 9.100510627743656,Micro-SIM,Wi-Fi 6,Black,IP68,4.5
Apple,Phone-494,2023,4.0,A-series,15,99,84,2,3060,iOS,559.7158494733414,165.84413690225065,168 x 61 x 9.986506005116455,eSIM,4G,Black,IP68,4.4
Huawei,Phone-464,2011,6.1,Snapdragon,4,317,23,3,3064,Android,1616.9581198511628,248.47386802670403,116 x 93 x 7.621694039680704,Nano-SIM,Wi-Fi 6,Silver,Not Rated,4.8
Sony,Phone-998,2010,4.0,Kirin,14,269,6,40,3228,Android,554.0898832155343,170.0416510295949,181 x 72 x 8.236771788492408,Micro-SIM,5G,Silver,IP68,3.2
Samsung,Phone-537,2015,6.7,A-series,4,480,45,40,4489,Android,1449.4482226768187,117.58693482386111,121 x 64 x 9.113427602826826,Micro-SIM,Wi-Fi 6,Silver,Not Rated,3.4
Huawei,Phone-881,2010,4.5,Kirin,8,456,89,20,2792,iOS,1220.8417015229275,209.11597157236093,164 x 83 x 5.451724454973853,Nano-SIM,4G,Silver,IP68,4.5
Sony,Phone-494,2015,6.8,Exynos,12,390,98,20,2612,iOS,1848.0220692824023,289.4082016332035,138 x 59 x 7.774647995209216,eSIM,4G,Blue,Not Rated,3.2
Samsung,Phone-913,2021,5.1,Snapdragon,11,142,21,21,1696,iOS,880.8625264398954,294.10965351705886,158 x 58 x 9.992961576344321,eSIM,Bluetooth 5.0,Blue,Not Rated,4.0
Sony,Phone-223,2023,4.9,Kirin,4,277,93,26,1682,Android,948.3295040007076,286.96733018622297,155 x 89 x 6.508179230823292,Micro-SIM,Bluetooth 5.0,Gold,IP68,4.9
OnePlus,Phone-112,2010,5.6,A-series,2,141,88,14,4899,iOS,112.96585502396196,174.49562951645055,189 x 67 x 9.269224960965321,Micro-SIM,4G,Blue,Not Rated,3.3
Samsung,Phone-12,2020,4.7,Exynos,6,460,59,23,2605,Android,1551.7602397972387,154.53908804735232,182 x 84 x 6.2071630889249345,Micro-SIM,Bluetooth 5.0,Gold,Not Rated,4.6
OnePlus,Phone-369,2010,4.9,Snapdragon,9,36,42,4,4463,iOS,1113.7891661716435,185.0956064318591,145 x 53 x 7.386029082127353,eSIM,Bluetooth 5.0,Red,IP68,3.8
Samsung,Phone-292,2013,5.5,A-series,16,384,39,27,4333,iOS,431.1953215120161,109.52459957663821,160 x 71 x 9.622755433890546,eSIM,4G,Black,Not Rated,4.9
Huawei,Phone-206,2013,6.2,Exynos,14,274,66,10,3910,Android,1847.4798390648907,229.12941866488637,111 x 64 x 8.163476595174862,eSIM,5G,Blue,Not Rated,4.5
Sony,Phone-694,2013,6.1,Kirin,5,226,7,16,2588,Android,748.1095837204499,193.24868046431192,161 x 75 x 9.450347141424738,eSIM,Wi-Fi 6,Gold,Not Rated,3.1
OnePlus,Phone-865,2016,4.9,A-series,4,347,83,9,2700,iOS,1424.83222326275,152.18727226561305,151 x 64 x 6.566734031711333,Micro-SIM,Bluetooth 5.0,Red,IP68,4.4
Samsung,Phone-241,2012,6.4,Exynos,10,174,89,18,2177,Android,476.8139605016245,239.55379815203963,115 x 70 x 8.920388046369432,Nano-SIM,5G,Black,Not Rated,3.2
Google,Phone-897,2019,4.4,Exynos,10,493,59,6,2490,iOS,383.14868970945946,252.22715255425038,182 x 77 x 9.970962092748564,eSIM,5G,Red,IP68,3.9
Sony,Phone-440,2017,4.8,Exynos,3,446,24,2,5790,Android,1268.1602956959275,111.66896195451388,169 x 62 x 6.872734247585329,Nano-SIM,5G,Silver,Not Rated,3.0
OnePlus,Phone-456,2013,6.9,A-series,3,499,94,21,2818,iOS,195.31778296179255,295.2210463216578,191 x 94 x 5.431040188976467,eSIM,4G,Black,Not Rated,3.8
Google,Phone-911,2020,4.7,Exynos,16,276,63,20,4423,iOS,1100.6016522434697,152.07673751381844,135 x 73 x 8.964680135462235,Nano-SIM,4G,Gold,IP68,4.5
Huawei,Phone-217,2019,6.5,Kirin,13,479,50,2,1837,Android,1624.481916172991,165.35827424069197,178 x 96 x 9.693428436311965,eSIM,5G,Red,IP68,4.2
OnePlus,Phone-931,2015,4.1,Exynos,7,393,56,31,4005,Android,1610.91129733456,165.9367397615324,103 x 80 x 7.042517191335698,Micro-SIM,Wi-Fi 6,Red,Not Rated,4.0
Huawei,Phone-305,2014,6.3,Exynos,12,397,105,7,4285,iOS,587.190649378583,171.00146439882022,110 x 76 x 8.562840062367203,eSIM,Wi-Fi 6,Silver,Not Rated,3.2
Samsung,Phone-428,2023,6.5,Snapdragon,14,427,48,2,4243,Android,985.0658085229741,165.34383187968697,118 x 99 x 6.436463026131106,Nano-SIM,Wi-Fi 6,Blue,IP68,4.2
Huawei,Phone-313,2019,5.7,A-series,15,212,5,10,5698,Android,637.4531168183579,273.7614297826219,143 x 84 x 7.709889208096895,Micro-SIM,Bluetooth 5.0,Blue,IP68,3.2
Huawei,Phone-903,2015,6.7,A-series,2,409,100,32,2280,Android,422.0934947247071,292.9509529626332,134 x 55 x 5.651448478504823,eSIM,Wi-Fi 6,Black,IP68,4.1
OnePlus,Phone-758,2023,6.4,Exynos,10,396,69,39,3528,Android,1072.835676802812,170.81623656492934,126 x 66 x 9.981260343866477,Micro-SIM,Bluetooth 5.0,Red,Not Rated,3.7
Google,Phone-106,2016,6.0,Exynos,3,271,99,25,1747,iOS,117.20935130686243,228.0478966492028,109 x 73 x 8.635292486135594,Micro-SIM,Wi-Fi 6,Blue,IP68,3.2
Google,Phone-339,2014,4.5,A-series,15,416,69,9,2366,Android,594.7887211380769,235.01480660919776,184 x 92 x 5.974937643250659,Micro-SIM,Bluetooth 5.0,Silver,IP68,4.5
OnePlus,Phone-329,2022,5.4,Kirin,2,252,105,18,4372,iOS,590.5039400202171,283.12353843840026,128 x 99 x 8.96295089519719,eSIM,Bluetooth 5.0,Black,IP68,4.3
Sony,Phone-839,2023,5.3,A-series,6,418,33,24,1641,iOS,567.3820929702053,205.80959003875228,198 x 88 x 9.057589617890294,Nano-SIM,Wi-Fi 6,Gold,Not Rated,3.9
Sony,Phone-126,2022,6.6,Snapdragon,15,487,68,9,4506,iOS,1554.8952496301715,295.05766015849764,174 x 84 x 7.284908088994059,eSIM,5G,Silver,IP68,4.3
Apple,Phone-413,2013,5.3,Snapdragon,5,143,80,8,5458,iOS,1315.5139642714805,162.95440213298377,139 x 76 x 8.60717822049018,Micro-SIM,Wi-Fi 6,Red,Not Rated,3.1
Samsung,Phone-880,2018,6.1,Kirin,6,208,48,31,1787,Android,187.87370650424566,103.7886457197762,140 x 57 x 5.1770429526121085,eSIM,5G,Black,Not Rated,4.1
Google,Phone-943,2021,5.5,Exynos,6,483,92,29,2770,iOS,934.910638169357,138.80702133117686,151 x 99 x 7.527279113526976,Nano-SIM,5G,Black,IP68,3.5
Samsung,Phone-494,2012,4.8,A-series,11,468,62,30,3341,iOS,1763.0795677059598,246.4715977590464,130 x 97 x 9.31590097795559,Nano-SIM,5G,Black,Not Rated,4.2
OnePlus,Phone-853,2023,5.9,Snapdragon,9,416,59,24,4229,Android,320.8472319010938,218.04324646891314,123 x 86 x 8.333316968079345,Nano-SIM,Wi-Fi 6,Gold,IP68,4.1
Huawei,Phone-20,2016,5.6,A-series,13,66,21,27,4102,Android,531.7338627855722,257.15403969494434,191 x 79 x 9.325303154644061,Micro-SIM,5G,Silver,IP68,3.6
Google,Phone-952,2012,4.2,Kirin,10,324,88,34,5477,iOS,1542.42575857342,259.7894812412278,180 x 62 x 6.977172292340935,Nano-SIM,Wi-Fi 6,Black,IP68,3.8
Samsung,Phone-889,2010,6.9,Kirin,12,355,11,12,4616,Android,472.921021615899,210.62518121561476,175 x 60 x 6.744243549561889,eSIM,4G,Red,Not Rated,3.9
Samsung,Phone-977,2020,5.1,Exynos,10,241,97,25,3507,Android,1525.660438453623,124.74505832126705,106 x 68 x 6.455223374869043,Nano-SIM,Bluetooth 5.0,Silver,IP68,4.6
Google,Phone-793,2011,5.7,Snapdragon,12,39,100,34,4877,Android,1649.2457174757951,151.19115525463417,103 x 99 x 7.9556968408636415,Micro-SIM,5G,Red,Not Rated,4.8
Apple,Phone-700,2010,4.2,Exynos,7,377,59,16,4951,iOS,1002.0897507117079,105.36061033830164,169 x 63 x 6.662992509001617,eSIM,Wi-Fi 6,Blue,Not Rated,3.1
Samsung,Phone-326,2012,4.2,Snapdragon,7,302,45,31,1896,iOS,757.9419250352208,237.42703557398184,102 x 59 x 6.000315201408894,eSIM,5G,Silver,Not Rated,3.2
Huawei,Phone-283,2018,6.5,A-series,12,128,91,11,2361,iOS,952.2944355275633,251.3218301354109,108 x 52 x 5.5253612456862715,Micro-SIM,5G,Red,Not Rated,3.3
OnePlus,Phone-575,2019,6.3,Exynos,9,216,15,39,5968,iOS,1200.7389491283832,203.95970078428522,186 x 90 x 8.746546662895575,Micro-SIM,Wi-Fi 6,Gold,IP68,4.7
Google,Phone-992,2010,6.4,Exynos,10,505,56,8,1582,iOS,1999.1061984180449,209.77462148041013,165 x 76 x 6.877614421557779,Micro-SIM,Wi-Fi 6,Red,IP68,4.4
Samsung,Phone-79,2013,6.6,Exynos,12,482,8,32,4422,Android,1005.9698900822241,277.6150915412878,115 x 50 x 9.911603180382974,Micro-SIM,4G,Red,Not Rated,3.6
Google,Phone-843,2017,5.3,Snapdragon,12,116,54,19,3099,iOS,117.99276530349707,142.26994436677577,115 x 59 x 7.700688424647298,Nano-SIM,Bluetooth 5.0,Blue,Not Rated,4.2
OnePlus,Phone-926,2011,7.0,Exynos,14,302,37,24,2805,Android,1531.024472567998,179.81877506652012,120 x 85 x 5.818225541605485,Nano-SIM,Bluetooth 5.0,Blue,Not Rated,4.4
Google,Phone-277,2011,6.1,A-series,13,278,23,28,5318,Android,982.3146811403266,217.01129487087763,146 x 92 x 7.58101643099125,Nano-SIM,5G,Red,IP68,4.0
Sony,Phone-438,2013,5.9,Snapdragon,6,390,13,27,2772,iOS,842.1154719904595,263.84588573474076,167 x 65 x 7.429527358547508,Nano-SIM,Wi-Fi 6,Black,IP68,4.7
Google,Phone-284,2018,4.9,Exynos,13,277,73,16,3634,iOS,1452.515719623274,130.2616108095977,195 x 73 x 5.22544884508724,Nano-SIM,5G,Black,Not Rated,3.6
Sony,Phone-914,2016,4.2,Snapdragon,7,332,35,9,3031,Android,1479.1469646171247,245.47924179609495,194 x 87 x 6.322707983606964,eSIM,Wi-Fi 6,Black,Not Rated,4.0
OnePlus,Phone-316,2012,5.0,Snapdragon,4,194,69,39,3609,Android,1095.976944702913,225.3525009408293,182 x 66 x 5.896835101376569,eSIM,4G,Blue,Not Rated,4.7
Huawei,Phone-821,2018,5.1,Snapdragon,14,292,59,13,3699,Android,571.8294962490811,162.9938946247387,160 x 79 x 9.620667859488314,eSIM,5G,Black,Not Rated,4.7
Google,Phone-534,2011,4.7,Exynos,12,267,38,37,3283,Android,1738.2043626023928,209.81669072789788,188 x 68 x 7.867887641490881,eSIM,5G,Black,Not Rated,4.4
Huawei,Phone-14,2016,4.5,Kirin,4,500,32,9,4825,Android,554.7091448264908,271.96914608741463,144 x 75 x 7.980128949947014,Micro-SIM,Bluetooth 5.0,Gold,Not Rated,4.8
Samsung,Phone-661,2016,6.4,A-series,2,278,107,16,3804,iOS,183.57220453910227,134.83413490884246,153 x 85 x 6.035447166888175,Micro-SIM,Bluetooth 5.0,Silver,IP68,3.1
Samsung,Phone-527,2022,6.8,Kirin,5,358,26,25,4084,Android,686.774682163005,213.5668935816052,177 x 70 x 7.968468585696092,Nano-SIM,5G,Blue,IP68,4.0
Google,Phone-68,2023,5.6,A-series,4,54,104,14,4251,Android,1259.090810562583,242.35694101513306,191 x 65 x 8.460305401587238,eSIM,5G,Blue,IP68,4.6
Huawei,Phone-916,2021,4.1,Kirin,14,182,102,26,2123,iOS,180.6734537393538,239.25921673143807,140 x 100 x 8.334895114832198,eSIM,5G,Silver,Not Rated,3.3
Huawei,Phone-579,2022,6.7,A-series,6,308,81,26,4420,iOS,880.0559950878014,261.67823602302377,139 x 75 x 9.826447981759731,Nano-SIM,Bluetooth 5.0,Blue,IP68,3.7
Sony,Phone-18,2021,4.3,Kirin,11,199,74,40,2863,iOS,1658.0698798999385,279.2308665367183,156 x 81 x 7.625683292421476,Micro-SIM,Bluetooth 5.0,Red,Not Rated,3.2
Apple,Phone-364,2020,6.6,Kirin,11,45,42,14,3792,iOS,1502.4550531102418,165.70008793220387,134 x 100 x 8.135298343440514,Nano-SIM,Wi-Fi 6,Black,Not Rated,4.7
Samsung,Phone-712,2022,6.4,Exynos,8,253,62,14,4579,iOS,508.8039110021874,268.82288330568974,105 x 86 x 6.820632377267173,Micro-SIM,Wi-Fi 6,Gold,IP68,4.5
OnePlus,Phone-283,2017,6.2,Kirin,2,321,8,38,2297,iOS,1171.6787980720437,254.41204304042134,162 x 90 x 7.920153227031131,eSIM,4G,Red,IP68,4.9
Huawei,Phone-135,2018,5.8,Snapdragon,16,323,40,34,5416,iOS,762.7867898185684,212.54631409172615,126 x 77 x 6.234436842164666,Nano-SIM,4G,Silver,Not Rated,4.2
OnePlus,Phone-711,2013,6.0,Exynos,9,475,29,6,1965,iOS,736.263720012379,180.6322002947831,161 x 95 x 5.8100151109728975,Nano-SIM,4G,Blue,IP68,4.6
Samsung,Phone-889,2022,4.3,Exynos,14,498,33,4,1996,iOS,1937.4961611133285,205.74267977933857,157 x 57 x 9.97252002750598,Micro-SIM,Bluetooth 5.0,Silver,IP68,4.6
Google,Phone-460,2014,5.1,Exynos,3,463,53,15,4378,iOS,1892.0133645078145,238.10512173794623,135 x 57 x 6.781708708894712,Micro-SIM,4G,Silver,Not Rated,4.5
Google,Phone-334,2022,5.3,Snapdragon,15,139,44,17,4996,iOS,1670.0910479133959,278.1864716745481,144 x 50 x 6.546673365895279,Nano-SIM,4G,Blue,IP68,4.4
OnePlus,Phone-279,2022,4.5,Exynos,12,371,13,16,2660,Android,144.04070290291946,199.93240199466447,196 x 93 x 8.897173813071191,Micro-SIM,5G,Blue,IP68,4.4
Huawei,Phone-455,2019,5.7,Kirin,16,265,50,35,4573,iOS,920.4889451959181,161.82995586212286,170 x 60 x 8.104974626025776,Micro-SIM,Wi-Fi 6,Blue,Not Rated,3.6
Google,Phone-530,2010,4.9,Snapdragon,9,143,94,2,5512,Android,164.15144423200462,169.52848052932757,149 x 66 x 9.900002704835103,eSIM,4G,Blue,IP68,4.6
Samsung,Phone-902,2017,6.3,A-series,8,490,19,20,2056,iOS,1889.3142972936475,220.83755307618765,119 x 94 x 7.642883139111429,eSIM,Wi-Fi 6,Red,Not Rated,5.0
Huawei,Phone-885,2016,6.0,Kirin,13,238,59,9,2151,Android,1447.2895596701499,211.003627666343,146 x 92 x 6.399975258172664,Micro-SIM,Bluetooth 5.0,Gold,Not Rated,3.3
Sony,Phone-123,2014,4.2,Snapdragon,2,402,43,22,5872,Android,410.4696190881739,280.7400222505637,146 x 60 x 9.105304679869075,eSIM,4G,Gold,Not Rated,3.5
Samsung,Phone-485,2010,5.0,Exynos,13,29,69,9,2402,iOS,1313.0461027262763,158.46280980207382,149 x 64 x 6.968487963756889,Micro-SIM,5G,Blue,IP68,3.5
Google,Phone-511,2010,4.5,Exynos,12,376,65,11,1981,Android,1673.0993302114052,143.00296801786135,197 x 77 x 5.947902229213794,Nano-SIM,Bluetooth 5.0,Black,Not Rated,4.8
Huawei,Phone-686,2012,6.8,Kirin,16,188,55,29,2001,iOS,326.2964238032164,182.6390969363809,161 x 85 x 5.324767030001029,Nano-SIM,4G,Gold,Not Rated,4.6
Huawei,Phone-593,2012,6.5,Exynos,2,455,87,10,3023,Android,254.35285804926949,172.06114808806544,186 x 75 x 9.26743504017741,eSIM,4G,Blue,IP68,3.8
Samsung,Phone-397,2010,6.0,Snapdragon,2,24,14,15,3967,iOS,319.3674560864014,215.27647083471652,180 x 100 x 6.241009495278936,Nano-SIM,4G,Red,IP68,3.4
Huawei,Phone-862,2023,4.6,Snapdragon,14,404,93,26,2006,Android,344.3407459192222,277.1118765739258,189 x 87 x 7.799036102431426,Nano-SIM,Bluetooth 5.0,Black,Not Rated,4.9
Apple,Phone-889,2012,5.1,Exynos,12,125,40,6,2637,Android,1243.794999311302,257.2631697182826,181 x 83 x 7.721367178282355,Micro-SIM,Bluetooth 5.0,Blue,IP68,4.1
Samsung,Phone-957,2019,6.6,Snapdragon,13,507,85,35,5737,iOS,1969.0339232701804,198.35309557888127,100 x 78 x 6.289835659770597,Micro-SIM,Bluetooth 5.0,Gold,IP68,4.0
Google,Phone-322,2011,5.3,A-series,12,506,21,15,5659,Android,1764.5825011527256,221.9976800833199,154 x 53 x 5.135472220786768,eSIM,4G,Black,Not Rated,4.6
Google,Phone-200,2020,4.3,Kirin,7,125,46,6,3617,iOS,324.4123497361801,139.44273176234418,165 x 86 x 6.795812434567233,Micro-SIM,5G,Silver,Not Rated,3.7
Apple,Phone-227,2014,5.2,Snapdragon,5,471,74,28,1933,Android,1145.0565924603677,129.37186328174408,117 x 71 x 9.5785045872022,Nano-SIM,Bluetooth 5.0,Gold,Not Rated,5.0
Samsung,Phone-86,2022,6.2,Kirin,6,392,56,26,3396,Android,1514.1604966432678,161.6000943355876,187 x 95 x 7.585163111777506,eSIM,4G,Gold,Not Rated,4.4
Samsung,Phone-418,2017,6.4,Exynos,11,38,96,10,1994,Android,597.562769678919,246.00570517849667,167 x 80 x 7.326561198461299,Micro-SIM,Wi-Fi 6,Silver,Not Rated,3.6
OnePlus,Phone-102,2010,4.4,A-series,9,389,60,27,1733,iOS,650.1808356069987,222.91025081729762,151 x 62 x 7.341218088427782,Nano-SIM,5G,Silver,Not Rated,3.6
Samsung,Phone-921,2014,4.2,A-series,10,294,73,23,5492,Android,1016.8115173094891,239.70370738335527,128 x 98 x 5.671242172485778,Micro-SIM,5G,Gold,Not Rated,4.1
Google,Phone-29,2013,6.3,Exynos,8,275,65,19,2590,iOS,1607.4982370491339,210.4126407550918,106 x 80 x 8.524198025408234,eSIM,4G,Black,IP68,3.0
Sony,Phone-300,2017,6.2,A-series,14,335,105,6,2388,iOS,1358.6408232004062,205.0611366333826,149 x 65 x 9.409967872962751,eSIM,4G,Silver,Not Rated,4.0
Samsung,Phone-397,2011,5.9,A-series,13,427,42,35,2294,iOS,1855.7908834035477,160.28953883705412,109 x 89 x 6.037280695312896,eSIM,4G,Blue,Not Rated,4.9
Samsung,Phone-739,2013,5.9,Snapdragon,13,195,22,3,3431,Android,686.6456354343379,176.85918382229968,102 x 97 x 6.345386521567124,Micro-SIM,5G,Silver,IP68,4.8
OnePlus,Phone-159,2017,4.6,Kirin,13,430,45,28,3800,iOS,1059.2977409882762,186.73227367545468,155 x 78 x 6.197703189698789,eSIM,Wi-Fi 6,Silver,Not Rated,4.3
OnePlus,Phone-324,2017,6.1,A-series,7,398,88,30,3476,iOS,1415.4229960949867,156.76792698349965,166 x 96 x 7.554379188385541,eSIM,Wi-Fi 6,Black,IP68,4.6
OnePlus,Phone-90,2013,4.7,Kirin,2,122,84,39,3044,iOS,911.8625472628377,192.9825423702085,158 x 90 x 8.383360895606064,eSIM,Bluetooth 5.0,Gold,Not Rated,4.4
OnePlus,Phone-591,2020,6.0,Snapdragon,3,277,17,18,5864,iOS,289.37596773491805,177.88335122129115,198 x 53 x 9.461678060911181,eSIM,4G,Gold,Not Rated,3.7
OnePlus,Phone-282,2013,4.3,Snapdragon,13,133,36,5,4605,iOS,1271.269316811479,112.50893497868084,152 x 96 x 6.2096156338772595,eSIM,Bluetooth 5.0,Blue,IP68,3.6
Sony,Phone-104,2023,5.8,Exynos,6,319,37,27,5837,Android,1956.2756166679037,133.4273525495215,135 x 52 x 5.090002385670562,Micro-SIM,4G,Gold,Not Rated,4.6
Google,Phone-395,2018,5.7,Exynos,10,355,72,28,2466,Android,136.68478188145693,177.7619483119951,168 x 82 x 5.359823428319366,Micro-SIM,Bluetooth 5.0,Gold,Not Rated,3.2
Sony,Phone-291,2010,4.6,Exynos,7,386,19,22,1791,Android,1228.7760149085943,143.1108247356333,131 x 94 x 5.345845603946792,eSIM,5G,Red,Not Rated,3.6
Google,Phone-938,2015,6.4,A-series,3,210,43,13,4926,Android,355.14708819359925,147.1821825484277,118 x 68 x 7.069236642614125,Nano-SIM,4G,Red,Not Rated,3.8
OnePlus,Phone-721,2014,6.1,A-series,14,70,94,35,3483,iOS,447.6851488164076,129.11992448344148,176 x 100 x 8.61716238851201,Nano-SIM,5G,Red,Not Rated,3.5
Samsung,Phone-915,2020,4.8,A-series,6,79,64,7,2148,Android,968.821619665213,263.8175573768249,133 x 96 x 8.943224451016086,eSIM,4G,Black,IP68,3.9
OnePlus,Phone-16,2017,5.2,Kirin,2,77,28,2,1691,iOS,737.9988570252459,186.82075141248038,101 x 57 x 8.297097452887769,eSIM,5G,Red,Not Rated,4.2
Huawei,Phone-97,2015,5.0,Kirin,9,195,87,7,2082,iOS,1669.625040123963,155.14970549509744,168 x 62 x 7.364966327668309,Micro-SIM,Bluetooth 5.0,Red,Not Rated,3.9
Sony,Phone-291,2017,5.9,Kirin,8,86,95,36,4037,iOS,1957.3607843968111,264.6131379936635,161 x 92 x 7.154809894428309,eSIM,4G,Black,IP68,4.1
Google,Phone-817,2021,5.6,Snapdragon,9,236,5,20,2079,Android,1980.86143066205,121.51136213748947,151 x 61 x 8.607277880197788,Nano-SIM,Wi-Fi 6,Black,Not Rated,4.3
Samsung,Phone-907,2020,4.2,Exynos,11,173,103,35,4249,Android,309.94642787554744,170.3584579154332,196 x 75 x 6.3334657562566985,Micro-SIM,Bluetooth 5.0,Black,Not Rated,4.0
Apple,Phone-914,2017,4.8,A-series,3,114,63,35,5529,iOS,109.7333477680152,143.55332877951295,162 x 71 x 5.037868979428891,Nano-SIM,Bluetooth 5.0,Blue,IP68,4.1
Samsung,Phone-965,2015,4.7,A-series,9,490,65,10,2160,iOS,1834.9330324595358,144.21732965746165,182 x 55 x 7.904904926165873,Micro-SIM,Bluetooth 5.0,Black,Not Rated,4.4
Apple,Phone-561,2017,6.4,Snapdragon,8,391,16,6,2722,Android,601.3669647950912,292.92381124201415,110 x 89 x 9.007706803432832,Micro-SIM,Bluetooth 5.0,Silver,Not Rated,3.7
Samsung,Phone-305,2023,6.7,Exynos,2,122,30,22,2083,iOS,1373.370341260945,205.8565286500387,139 x 94 x 7.734675867433388,eSIM,Wi-Fi 6,Silver,IP68,4.2
Apple,Phone-456,2015,5.8,A-series,8,331,91,8,4588,iOS,756.3113337027689,292.5949438789591,103 x 63 x 6.257128616923818,Micro-SIM,Wi-Fi 6,Blue,IP68,4.1
Apple,Phone-889,2017,6.1,A-series,9,451,45,3,2267,Android,1706.1970092870881,124.61020837465675,196 x 91 x 8.99061571691859,Micro-SIM,4G,Silver,IP68,5.0
Google,Phone-932,2018,4.3,Kirin,5,382,10,9,2421,Android,909.6984614297685,178.41011419447926,132 x 85 x 5.105138260151442,Micro-SIM,Bluetooth 5.0,Silver,IP68,3.8
OnePlus,Phone-911,2018,4.2,A-series,3,286,61,35,2277,Android,291.1257859352477,295.46591987618956,168 x 75 x 9.466861683273837,Micro-SIM,Wi-Fi 6,Blue,IP68,3.5
Samsung,Phone-145,2018,6.4,A-series,10,171,31,7,2146,iOS,1392.200285253529,283.2752167342817,118 x 94 x 7.124293443595192,Nano-SIM,4G,Red,IP68,3.6
OnePlus,Phone-146,2011,6.8,Snapdragon,3,411,75,24,3358,Android,1163.430627814847,104.17981198504809,177 x 79 x 9.71785464173248,eSIM,5G,Gold,Not Rated,3.3
Sony,Phone-423,2012,5.5,A-series,4,23,44,27,4909,Android,1632.626451349044,160.2369350354845,173 x 85 x 8.608324695051449,Micro-SIM,Bluetooth 5.0,Silver,IP68,4.6
Huawei,Phone-160,2017,6.2,Kirin,5,70,51,4,2295,Android,476.09146447777135,254.86867993051285,132 x 73 x 6.899243904377578,Nano-SIM,Wi-Fi 6,Silver,Not Rated,4.2
Samsung,Phone-476,2021,6.6,Snapdragon,13,350,65,2,2264,iOS,274.2191524239101,258.96103639351344,185 x 52 x 8.829340729125157,Micro-SIM,5G,Black,IP68,3.8
Samsung,Phone-769,2018,6.9,Kirin,2,448,33,18,5894,iOS,549.8482222085825,288.72213056969224,140 x 50 x 8.5694882912759,eSIM,Wi-Fi 6,Blue,IP68,4.5
Huawei,Phone-602,2020,5.2,Kirin,7,50,95,6,2492,iOS,1704.8296925043276,121.00676030225621,141 x 81 x 8.685535917486906,eSIM,5G,Silver,Not Rated,3.6
Sony,Phone-823,2016,6.4,A-series,16,334,46,19,1941,Android,430.59751752146497,131.39057760496834,182 x 94 x 6.196243655490756,Micro-SIM,5G,Red,IP68,4.1
Google,Phone-84,2013,6.4,Snapdragon,5,259,24,32,3751,Android,606.9155483934785,239.78758019688365,153 x 75 x 9.629634887323192,Micro-SIM,Wi-Fi 6,Blue,IP68,4.7
Samsung,Phone-860,2012,5.3,A-series,4,46,94,3,3303,iOS,1346.4253096377995,271.39453778573477,140 x 81 x 9.190323147158272,Micro-SIM,4G,Gold,Not Rated,3.1
Samsung,Phone-157,2016,5.2,Kirin,6,48,81,39,1963,iOS,1284.6047665473682,180.6935102107141,137 x 85 x 5.771823452697868,Nano-SIM,5G,Black,IP68,3.5
Huawei,Phone-277,2014,4.3,Kirin,12,102,99,8,4442,iOS,1541.6484146642679,151.06214757062153,126 x 100 x 6.643712444529477,Micro-SIM,Wi-Fi 6,Silver,Not Rated,3.9
Google,Phone-374,2016,6.7,A-series,14,150,29,36,5912,Android,683.974521390328,276.37282122289696,160 x 87 x 7.975781689700541,eSIM,Bluetooth 5.0,Silver,Not Rated,4.3
Google,Phone-365,2016,5.6,Snapdragon,15,281,97,21,3999,Android,1508.787184281945,275.64648985300323,170 x 91 x 8.945150530054155,Micro-SIM,4G,Blue,Not Rated,4.6
Google,Phone-125,2016,4.6,A-series,11,271,23,37,2449,iOS,530.0086754866697,140.64064125767305,154 x 61 x 5.59297842015095,Nano-SIM,5G,Red,Not Rated,4.1
Huawei,Phone-539,2012,5.1,A-series,13,190,52,39,5124,Android,275.2564604802641,129.10334913816448,162 x 66 x 8.144232203093175,Nano-SIM,4G,Silver,IP68,4.7
Apple,Phone-99,2015,4.2,Snapdragon,16,141,65,13,2571,Android,1060.935442620581,106.80151338525492,190 x 52 x 8.992880577731382,Micro-SIM,Bluetooth 5.0,Silver,IP68,4.4
Samsung,Phone-479,2023,6.2,Exynos,4,457,83,39,3722,Android,739.0005810878444,205.9818387279363,105 x 80 x 5.758873712931167,Micro-SIM,Wi-Fi 6,Gold,IP68,3.5
Huawei,Phone-269,2016,6.6,Exynos,14,158,72,39,1513,iOS,205.75071139862888,294.31123492076483,163 x 76 x 6.848346613876938,Nano-SIM,Bluetooth 5.0,Gold,IP68,4.7
Huawei,Phone-819,2011,5.0,A-series,16,101,33,7,5776,iOS,596.1981050035141,172.78934213853216,177 x 72 x 7.499677877479876,eSIM,Wi-Fi 6,Blue,Not Rated,3.6
Huawei,Phone-951,2014,4.9,Kirin,3,407,42,32,3876,Android,1601.8800325939137,188.75281215260958,171 x 75 x 8.734957008000151,Micro-SIM,Bluetooth 5.0,Gold,IP68,4.8
Samsung,Phone-889,2019,6.7,Snapdragon,15,55,86,20,1609,iOS,361.2838526531896,221.87474829491038,113 x 54 x 8.078256496434506,eSIM,Wi-Fi 6,Gold,IP68,3.2
Samsung,Phone-314,2019,6.4,Exynos,13,172,69,25,2358,iOS,145.22496919354947,117.9844342926838,180 x 62 x 5.722091584228074,Nano-SIM,Wi-Fi 6,Red,Not Rated,3.1
Huawei,Phone-275,2016,6.2,Snapdragon,11,443,42,15,2630,Android,916.2855096628144,114.14975771470581,114 x 79 x 8.7164138664422,Nano-SIM,4G,Black,IP68,4.8
Google,Phone-372,2018,4.2,Exynos,15,461,92,22,5748,Android,1897.8429010622456,140.6227840939959,147 x 50 x 9.457444741216921,Nano-SIM,4G,Gold,IP68,4.9
Samsung,Phone-668,2018,6.1,Kirin,13,283,65,8,1507,Android,634.6126559944687,209.77188192259814,127 x 88 x 8.058955200544837,Micro-SIM,Wi-Fi 6,Gold,Not Rated,3.5
Samsung,Phone-460,2013,4.5,Exynos,4,473,65,32,4235,iOS,1078.260283891671,299.8565855223738,176 x 60 x 6.8017636212721655,Micro-SIM,5G,Black,IP68,3.4
OnePlus,Phone-312,2015,6.7,Snapdragon,2,361,80,29,3845,iOS,222.01817635284579,255.04070894204435,187 x 83 x 8.022800778826074,eSIM,4G,Silver,IP68,4.5
Apple,Phone-289,2018,6.4,A-series,2,361,53,6,3510,Android,432.0663332704652,293.9742716686569,146 x 54 x 7.237814830849717,Nano-SIM,Bluetooth 5.0,Gold,Not Rated,4.4
Samsung,Phone-150,2020,4.1,Snapdragon,11,160,86,13,2669,Android,819.9599527807272,193.69857886095906,174 x 69 x 6.004096146907243,eSIM,Wi-Fi 6,Gold,IP68,4.5
OnePlus,Phone-253,2016,6.7,Exynos,8,34,65,40,2365,Android,1344.216195383739,252.99901424162562,180 x 89 x 9.729133729037468,Micro-SIM,4G,Blue,Not Rated,3.2
Huawei,Phone-583,2013,5.5,Exynos,11,66,82,30,1813,Android,1644.70746530943,235.3828290330744,156 x 73 x 5.949055264555521,eSIM,4G,Gold,IP68,4.3
Sony,Phone-548,2015,6.2,Snapdragon,12,132,78,15,5275,Android,1279.574023381782,155.65867462456467,155 x 94 x 9.108466907792753,Micro-SIM,4G,Red,IP68,4.1
OnePlus,Phone-499,2013,5.0,A-series,3,512,98,12,4979,iOS,1999.611421653216,186.6552088974259,170 x 69 x 7.671575027061344,Micro-SIM,Bluetooth 5.0,Blue,Not Rated,4.9
Samsung,Phone-452,2021,6.9,A-series,3,216,49,28,2153,Android,1942.7623167224542,192.64760796929403,172 x 89 x 9.0046200874845,Micro-SIM,4G,Black,Not Rated,4.8
Huawei,Phone-429,2014,6.1,A-series,4,139,71,17,3415,Android,1121.1916501036208,245.28292665326032,198 x 57 x 8.370346065068446,eSIM,5G,Blue,IP68,4.7
Google,Phone-447,2011,4.4,Exynos,3,326,25,23,5877,iOS,1954.3936722164515,128.33969505089973,137 x 92 x 5.655154435595203,Nano-SIM,Bluetooth 5.0,Gold,IP68,4.3
Apple,Phone-250,2012,6.6,Snapdragon,4,417,17,3,3148,iOS,1396.3752109677419,128.3687150532824,103 x 61 x 6.573057289467098,Micro-SIM,4G,Silver,IP68,4.9
Google,Phone-365,2016,4.2,Kirin,7,312,12,29,5591,Android,1240.7017365751028,266.71822804296215,154 x 72 x 9.520291152401086,Micro-SIM,Bluetooth 5.0,Gold,Not Rated,3.0
Huawei,Phone-580,2019,4.6,A-series,14,141,65,13,3386,iOS,304.1972023837886,275.45670374317956,179 x 72 x 9.26022749229892,eSIM,Bluetooth 5.0,Red,IP68,4.7
Sony,Phone-177,2023,6.1,Snapdragon,5,311,42,32,1754,iOS,708.8942855580993,105.50420638209006,110 x 88 x 7.583001595274197,eSIM,4G,Red,Not Rated,4.8
Sony,Phone-859,2020,6.3,A-series,16,213,58,20,5619,Android,1323.0151127896204,281.631293116537,190 x 99 x 8.796336989737384,Nano-SIM,Bluetooth 5.0,Gold,Not Rated,4.3
Google,Phone-54,2021,6.3,Kirin,15,390,39,33,2474,iOS,262.8781687710922,125.01488660689783,141 x 81 x 7.130992437853684,eSIM,4G,Silver,Not Rated,4.9
Huawei,Phone-570,2023,6.1,A-series,8,276,21,30,4826,iOS,1090.9841815509635,125.60149049833913,166 x 56 x 8.611390915032509,eSIM,5G,Red,IP68,4.8
Sony,Phone-75,2022,5.2,Snapdragon,15,409,19,7,5160,iOS,1015.7383213138064,292.81262019387935,129 x 60 x 8.834869593180048,eSIM,5G,Black,IP68,4.0
Samsung,Phone-164,2012,4.0,A-series,11,353,72,22,3829,Android,289.3045054678611,246.84567833739294,186 x 100 x 9.777741766334733,Micro-SIM,Bluetooth 5.0,Blue,IP68,3.1
Google,Phone-459,2010,4.8,A-series,14,387,48,11,4082,Android,1002.4036864988208,168.79747204080599,188 x 91 x 5.202387845238143,eSIM,Bluetooth 5.0,Gold,IP68,4.5
Google,Phone-25,2011,6.7,Snapdragon,13,311,35,15,2394,Android,1686.6285537650017,141.68314249866776,129 x 61 x 8.128316907857137,Micro-SIM,5G,Gold,Not Rated,3.2
Huawei,Phone-772,2012,6.2,Kirin,2,72,29,11,5175,Android,339.7982060283508,164.60480377955358,107 x 89 x 8.055063549722053,Nano-SIM,Wi-Fi 6,Blue,Not Rated,4.1
OnePlus,Phone-136,2023,5.3,Kirin,10,343,35,17,2893,iOS,1245.0337472575275,184.11834378890575,198 x 90 x 7.032966120905089,eSIM,5G,Black,IP68,3.5
Huawei,Phone-40,2023,4.7,Snapdragon,14,482,52,10,4602,iOS,107.74208575025114,168.8113851935637,183 x 84 x 6.0280457172189585,Nano-SIM,5G,Silver,Not Rated,4.2
Google,Phone-366,2014,5.1,Exynos,8,190,54,4,5859,iOS,1224.440874675069,258.3851105479549,188 x 73 x 6.82140380028375,Nano-SIM,4G,Silver,IP68,4.5
Huawei,Phone-570,2020,5.7,A-series,13,499,98,40,5098,iOS,465.782789300849,233.15437580607266,165 x 87 x 9.313306346292945,eSIM,5G,Red,IP68,5.0
Samsung,Phone-152,2015,4.1,Exynos,2,52,72,32,3269,Android,756.8498753618793,161.64397913085574,184 x 92 x 8.540449876738663,Micro-SIM,4G,Gold,IP68,5.0
Huawei,Phone-169,2020,4.3,A-series,12,73,106,31,1877,iOS,1540.7231416904317,292.90679310922144,100 x 90 x 8.609351644758872,Nano-SIM,5G,Red,Not Rated,4.8
Samsung,Phone-893,2015,5.3,Snapdragon,16,25,52,16,3928,iOS,773.9906603302741,106.44792220608875,190 x 53 x 9.97156056427327,Nano-SIM,Bluetooth 5.0,Black,Not Rated,3.4
Google,Phone-60,2021,6.8,Exynos,2,31,55,31,4525,iOS,600.5319551317375,100.44701982018638,200 x 77 x 6.237315899752371,eSIM,Bluetooth 5.0,Blue,IP68,3.1
Huawei,Phone-263,2019,5.6,Kirin,9,464,28,26,4950,Android,1802.221127257356,127.9285787573501,151 x 70 x 5.860850582416174,eSIM,5G,Blue,IP68,3.8
OnePlus,Phone-513,2021,6.5,Exynos,6,348,79,30,5214,iOS,224.75341323063873,133.8054653691892,144 x 57 x 8.419637908868998,eSIM,4G,Red,Not Rated,4.3
Apple,Phone-372,2019,6.2,Kirin,14,31,99,14,4055,Android,513.8535068229096,132.29187889638592,171 x 94 x 6.106744638218522,Nano-SIM,Wi-Fi 6,Silver,IP68,3.3
Huawei,Phone-743,2023,4.6,Exynos,7,485,21,23,2284,iOS,258.53564218367563,264.73792267971726,159 x 64 x 7.8257229154094965,eSIM,5G,Silver,IP68,4.2
Apple,Phone-557,2017,5.2,A-series,2,443,93,31,4208,Android,1918.1453884806017,280.3882063967094,139 x 59 x 8.383281306176738,Nano-SIM,5G,Black,Not Rated,3.8
Huawei,Phone-116,2021,5.3,Snapdragon,12,206,106,7,3560,Android,1173.7880494545896,174.49814595108847,166 x 72 x 6.3490147381637705,Micro-SIM,Bluetooth 5.0,Gold,IP68,5.0
Sony,Phone-85,2016,4.7,Kirin,10,156,40,27,5467,iOS,1593.5014829224249,270.5893972703873,118 x 95 x 5.705798180915405,Nano-SIM,5G,Blue,IP68,3.1
Google,Phone-800,2021,6.8,A-series,6,499,18,35,5319,Android,861.0192134892735,194.47574871368172,195 x 64 x 9.277489967199916,Micro-SIM,5G,Gold,Not Rated,3.9
Huawei,Phone-913,2015,6.9,A-series,7,381,76,31,4562,iOS,687.9003205839056,187.71112806480045,123 x 79 x 5.159740058576687,eSIM,Bluetooth 5.0,Silver,IP68,4.9
Huawei,Phone-388,2023,4.1,Exynos,3,345,67,37,3767,Android,1858.3355128052756,197.56045264419873,132 x 85 x 8.476656775872616,Nano-SIM,Bluetooth 5.0,Red,IP68,4.4
Sony,Phone-625,2011,6.8,Exynos,11,472,59,26,3144,Android,1768.4077292727088,266.7490931288709,116 x 65 x 7.27676293547232,Nano-SIM,5G,Gold,IP68,3.7
Apple,Phone-150,2017,6.1,Snapdragon,10,99,34,2,5350,iOS,113.68939538056446,168.7057270366229,184 x 64 x 9.230516338061124,Micro-SIM,5G,Black,Not Rated,3.9
Google,Phone-13,2021,6.2,Snapdragon,6,83,66,28,2945,Android,1895.2087778166342,285.2864919835648,162 x 95 x 8.572245085112847,eSIM,5G,Black,IP68,4.3
Apple,Phone-67,2018,4.5,Kirin,11,245,42,23,2235,iOS,1584.0159788123476,261.0691021261516,155 x 61 x 8.357012730048421,Nano-SIM,Bluetooth 5.0,Silver,Not Rated,3.8
Samsung,Phone-65,2021,6.5,Snapdragon,4,61,71,38,4893,iOS,1945.6489254207404,113.62063703301301,112 x 54 x 9.061031930723335,eSIM,Wi-Fi 6,Black,IP68,3.0
Huawei,Phone-302,2018,6.7,Kirin,2,73,10,32,2182,Android,504.25436713128545,265.68562611196324,157 x 81 x 8.478131563329779,eSIM,4G,Gold,Not Rated,5.0
OnePlus,Phone-855,2017,5.3,Exynos,4,233,83,29,4250,Android,237.00482795029419,202.8783072387331,146 x 94 x 5.755467693920417,eSIM,5G,Black,IP68,3.7
Samsung,Phone-114,2015,4.4,Kirin,14,25,101,11,5597,Android,1841.299164882829,248.1178153742579,131 x 58 x 9.866592891801226,Nano-SIM,Wi-Fi 6,Black,IP68,3.1
Sony,Phone-404,2020,6.3,A-series,9,469,54,17,1500,Android,998.6307338633804,109.51142214845235,183 x 77 x 9.813998447689755,Nano-SIM,Bluetooth 5.0,Gold,IP68,3.9
Huawei,Phone-139,2013,5.1,Snapdragon,6,484,72,5,4872,iOS,1864.7161143924063,192.18523884976076,188 x 53 x 6.776414604825206,Micro-SIM,Bluetooth 5.0,Blue,IP68,4.0
Huawei,Phone-969,2019,6.1,Snapdragon,12,410,38,33,2177,Android,1503.5280048845705,122.89550510538385,152 x 70 x 7.739552103127462,eSIM,Bluetooth 5.0,Silver,Not Rated,4.0
Google,Phone-327,2010,6.7,Snapdragon,3,271,38,16,4177,iOS,249.9438257179549,140.67960611862625,187 x 100 x 6.4499652884005805,Nano-SIM,4G,Black,Not Rated,3.1
Sony,Phone-481,2010,6.1,Exynos,6,152,59,28,1803,Android,814.1299315805435,102.01017337017446,124 x 78 x 5.525208090910165,eSIM,4G,Blue,Not Rated,3.0
OnePlus,Phone-878,2013,5.8,A-series,3,97,8,34,3636,iOS,683.1833619919219,179.07281685768567,196 x 57 x 5.922974784808138,Micro-SIM,4G,Black,Not Rated,4.5
Google,Phone-468,2022,6.0,A-series,15,339,90,12,2171,Android,1796.9776415569518,220.29638411977095,165 x 80 x 6.7931145340669525,Micro-SIM,5G,Black,Not Rated,4.8
Google,Phone-993,2023,5.4,Kirin,2,255,74,30,4854,Android,434.08231329672554,143.91433039805392,137 x 70 x 6.6663706764884445,Micro-SIM,5G,Silver,Not Rated,4.7
Google,Phone-672,2017,5.7,Kirin,8,66,66,38,1590,Android,771.5700749883903,279.9363976373361,122 x 64 x 7.025524157131438,eSIM,5G,Silver,Not Rated,3.9
OnePlus,Phone-973,2012,6.9,Exynos,12,455,52,35,4721,Android,445.17000706512925,194.37591754349435,110 x 89 x 6.3331016297189455,Micro-SIM,Bluetooth 5.0,Black,Not Rated,4.6
Sony,Phone-70,2021,5.1,Kirin,7,299,44,32,2159,iOS,1367.5465259923126,249.46397891797142,178 x 75 x 6.005660002965297,eSIM,5G,Silver,IP68,3.2
Sony,Phone-787,2019,4.1,Kirin,13,120,46,32,3927,iOS,710.6258780936975,286.00335699163077,165 x 64 x 6.911444920093503,Nano-SIM,Wi-Fi 6,Black,Not Rated,4.5
Samsung,Phone-820,2021,4.5,Snapdragon,5,137,94,15,2194,iOS,390.7485596336684,245.99753264796078,138 x 51 x 6.425665884467556,Micro-SIM,Bluetooth 5.0,Blue,IP68,3.1
Sony,Phone-575,2021,4.3,Kirin,7,494,44,38,5202,iOS,861.7999263679287,286.7112931872524,160 x 96 x 6.455861043665776,Nano-SIM,4G,Black,Not Rated,3.5
OnePlus,Phone-929,2018,5.2,Exynos,6,71,28,30,2654,Android,1993.2975426156559,111.43724497412208,154 x 67 x 8.78902071644443,eSIM,Bluetooth 5.0,Red,IP68,3.0
Huawei,Phone-452,2011,4.3,A-series,4,322,65,19,5101,iOS,886.6659548999708,281.7651493889972,165 x 81 x 9.411409168424914,Micro-SIM,Bluetooth 5.0,Gold,IP68,4.1
Google,Phone-600,2015,4.4,Exynos,2,170,53,14,2647,iOS,1521.5108147168446,144.3591901735404,157 x 60 x 8.870314701355461,eSIM,4G,Gold,IP68,4.3
Apple,Phone-193,2021,5.4,A-series,7,493,26,12,5505,iOS,1744.4189636998196,241.08577258140386,193 x 70 x 8.698966184392415,Nano-SIM,Bluetooth 5.0,Black,Not Rated,3.0
OnePlus,Phone-703,2023,6.5,Exynos,5,89,47,24,5927,iOS,662.8572832989882,122.04641670985708,106 x 50 x 8.358993461991213,Micro-SIM,Bluetooth 5.0,Black,IP68,3.4
Apple,Phone-830,2015,6.1,Exynos,4,387,85,6,4964,Android,1757.827657825135,125.3617921932223,176 x 63 x 9.573905339310816,eSIM,5G,Gold,Not Rated,3.9
OnePlus,Phone-56,2011,5.7,Exynos,16,489,99,31,4278,Android,363.6039368014954,255.2984801324872,153 x 73 x 6.929605705934969,eSIM,Wi-Fi 6,Black,IP68,3.7
OnePlus,Phone-400,2011,4.9,Snapdragon,9,412,65,9,5856,Android,283.9411033503209,196.30452331973893,112 x 72 x 5.604618692773707,Micro-SIM,4G,Black,Not Rated,3.7
Apple,Phone-870,2014,4.2,Snapdragon,15,435,15,17,5096,Android,581.0125054323643,162.1119460839175,194 x 59 x 7.883427815616374,Micro-SIM,4G,Red,Not Rated,4.0
Sony,Phone-761,2012,6.9,Kirin,14,185,39,10,1930,Android,622.1206101373215,143.30283491602808,109 x 92 x 5.735137563318804,Micro-SIM,Bluetooth 5.0,Silver,Not Rated,4.2
Sony,Phone-711,2013,5.5,Snapdragon,4,342,18,7,4167,iOS,433.88214246655104,174.17910085345807,167 x 63 x 7.30217433575903,eSIM,5G,Black,Not Rated,3.8
Samsung,Phone-953,2012,6.2,A-series,9,423,77,11,5044,iOS,949.1036856781035,255.94184796075263,189 x 56 x 9.768970772593775,Micro-SIM,5G,Gold,IP68,3.3
Huawei,Phone-96,2019,4.9,A-series,10,316,74,9,4299,iOS,393.610201187105,186.60339961585453,162 x 93 x 6.439221502186633,eSIM,4G,Red,IP68,3.4
Apple,Phone-772,2019,5.6,Exynos,2,270,27,10,1829,Android,1911.7682433144346,145.0752132862395,157 x 93 x 6.832484391895624,Nano-SIM,5G,Gold,IP68,3.8
Google,Phone-503,2019,4.2,A-series,3,317,42,27,3650,iOS,138.73718690692866,160.30046208574862,113 x 93 x 9.782460590989862,Nano-SIM,4G,Red,Not Rated,3.6
OnePlus,Phone-85,2012,6.2,Exynos,6,512,75,28,1857,Android,1773.6503248317654,112.46958571414368,140 x 83 x 8.674393381692822,eSIM,5G,Black,Not Rated,3.3
Samsung,Phone-607,2014,5.5,Kirin,14,485,72,8,4885,Android,1477.6347520327713,138.44319786174583,150 x 61 x 7.807025651532104,Micro-SIM,5G,Gold,IP68,3.2
Apple,Phone-583,2019,6.5,Snapdragon,4,226,83,33,1899,Android,1862.1618241720666,167.50047414884216,188 x 54 x 8.494785633662445,Nano-SIM,Wi-Fi 6,Blue,IP68,3.3
Samsung,Phone-361,2021,5.8,Snapdragon,6,314,29,4,5313,iOS,147.67751946191578,141.34659617785002,167 x 58 x 6.555952293891309,eSIM,Wi-Fi 6,Blue,Not Rated,3.5
Huawei,Phone-33,2011,5.2,Kirin,2,300,39,20,4844,Android,1051.8121326885394,273.34808085898555,183 x 83 x 6.560861710444845,eSIM,Wi-Fi 6,Red,IP68,4.1
Google,Phone-35,2012,6.9,Kirin,10,32,20,14,3165,iOS,625.6998220746106,120.3581691886793,145 x 98 x 9.025997428258547,Nano-SIM,Bluetooth 5.0,Blue,Not Rated,4.0
Sony,Phone-372,2015,7.0,Kirin,12,459,70,36,1916,Android,487.10114209563415,149.26187521537634,149 x 63 x 9.2710169720212,Nano-SIM,Wi-Fi 6,Red,Not Rated,3.2
Google,Phone-107,2011,4.4,Exynos,15,86,74,34,3100,iOS,1182.2684687033516,165.31766032611293,146 x 58 x 8.49414918143749,eSIM,4G,Blue,Not Rated,3.1
OnePlus,Phone-801,2013,5.6,Snapdragon,12,377,37,15,5891,iOS,1917.7640748770448,254.66281313552489,138 x 93 x 9.134824545028462,eSIM,5G,Blue,Not Rated,3.6
OnePlus,Phone-745,2018,6.3,Exynos,11,294,24,32,2502,Android,747.6674639004896,101.82740933784753,105 x 89 x 9.790709855477985,Micro-SIM,Wi-Fi 6,Black,IP68,4.5
Samsung,Phone-920,2023,6.1,Exynos,16,406,78,38,5373,Android,1900.16520251673,207.23848515655118,151 x 80 x 6.606255330096887,eSIM,Bluetooth 5.0,Blue,Not Rated,3.5
Apple,Phone-920,2011,4.5,Exynos,12,110,50,34,1983,Android,1951.1681165560442,192.52582400411376,138 x 79 x 9.667776489843636,eSIM,5G,Black,IP68,4.1
Apple,Phone-833,2015,6.3,Kirin,3,397,69,12,5431,iOS,1958.3555780519341,197.63154154229807,190 x 53 x 9.02236845089749,eSIM,4G,Red,Not Rated,4.3
OnePlus,Phone-861,2021,5.6,Kirin,6,105,30,14,3444,Android,148.53938387591552,136.99892421943008,128 x 73 x 8.868071864450997,eSIM,5G,Gold,IP68,4.1
Samsung,Phone-632,2011,6.6,Exynos,15,467,80,23,3424,Android,1209.7251721198359,184.07132671870139,197 x 97 x 5.271876770251955,Micro-SIM,Wi-Fi 6,Black,IP68,4.0
Google,Phone-669,2017,4.1,Exynos,6,512,45,26,3878,iOS,959.9032680198147,120.76576591229167,155 x 67 x 5.727656388025416,eSIM,4G,Blue,IP68,3.7
Apple,Phone-675,2019,4.1,A-series,12,305,78,24,5241,iOS,454.47394575071473,208.11959715780668,159 x 71 x 6.9400680034487285,Nano-SIM,Wi-Fi 6,Silver,IP68,3.1
Samsung,Phone-400,2021,4.2,Exynos,5,17,21,3,2609,iOS,1685.3704125084596,126.18736473730053,188 x 66 x 6.410152157925259,Nano-SIM,Wi-Fi 6,Gold,Not Rated,3.8
OnePlus,Phone-548,2020,4.5,Kirin,15,413,58,38,3199,Android,1831.4027239774439,129.79513601083565,150 x 88 x 8.213716297311958,eSIM,Bluetooth 5.0,Black,IP68,4.9
Google,Phone-606,2013,4.7,A-series,9,112,78,40,4499,iOS,1078.7205750129356,231.09072572786965,157 x 87 x 8.124255216689967,Nano-SIM,4G,Blue,Not Rated,4.2
OnePlus,Phone-437,2019,6.2,Kirin,11,239,42,5,1981,iOS,1244.5689630701286,261.56539196117774,114 x 59 x 9.119753546557675,Nano-SIM,Bluetooth 5.0,Blue,Not Rated,3.0
Huawei,Phone-254,2014,6.5,Snapdragon,12,284,66,34,5104,Android,1059.1603783435128,270.322667027856,145 x 88 x 6.182287899599796,Nano-SIM,Bluetooth 5.0,Red,IP68,4.0
Sony,Phone-511,2022,5.9,A-series,2,458,19,30,5882,iOS,1408.4872023782311,203.8816515636879,113 x 60 x 8.291288201940713,Micro-SIM,4G,Blue,Not Rated,4.9
Samsung,Phone-986,2014,4.9,Exynos,3,59,14,17,2974,Android,387.4374778086774,237.2857440392029,134 x 99 x 8.048065909639753,Micro-SIM,4G,Silver,IP68,5.0
Huawei,Phone-840,2012,4.4,A-series,4,481,85,8,2771,Android,1888.8590706979692,134.43786381418113,146 x 100 x 8.58693338372274,Nano-SIM,5G,Black,Not Rated,4.4
Samsung,Phone-68,2020,6.3,Kirin,10,288,78,12,2825,Android,1889.238615534429,251.1431747621502,125 x 80 x 5.15407515908522,Nano-SIM,Bluetooth 5.0,Black,IP68,4.6
Apple,Phone-736,2017,4.6,Snapdragon,9,286,10,6,2271,Android,1603.2626037021557,226.3995067748741,137 x 97 x 6.667606061513221,Micro-SIM,4G,Blue,IP68,3.7
Apple,Phone-558,2017,5.3,Exynos,13,25,32,3,1600,iOS,462.09122962022894,166.64481766085385,154 x 83 x 7.424603983406829,Micro-SIM,5G,Silver,Not Rated,3.1
OnePlus,Phone-227,2020,4.5,A-series,5,141,75,26,2451,Android,780.4965279915923,218.7867723823622,180 x 59 x 7.362851238368667,Micro-SIM,5G,Silver,Not Rated,4.6
Apple,Phone-170,2018,4.5,Exynos,16,414,76,2,5668,iOS,382.7538610472018,275.7199248258141,180 x 89 x 8.763200894158654,Nano-SIM,5G,Gold,Not Rated,4.2
OnePlus,Phone-316,2018,4.4,A-series,13,430,71,29,1865,Android,1781.958188058669,216.90685722344028,175 x 99 x 8.565175834875898,Micro-SIM,Bluetooth 5.0,Red,IP68,4.4
Apple,Phone-743,2023,6.1,Kirin,2,289,71,15,3909,iOS,754.738138825463,220.68774035286526,169 x 84 x 9.225758220950658,eSIM,Bluetooth 5.0,Gold,IP68,4.0
OnePlus,Phone-797,2011,5.6,A-series,3,252,41,10,3505,Android,1704.261632031694,133.9802826823524,191 x 52 x 7.836702393011699,Nano-SIM,Wi-Fi 6,Gold,Not Rated,3.9
Sony,Phone-611,2015,5.8,Exynos,7,74,9,5,3398,iOS,1215.415053361176,116.23599392057679,161 x 63 x 6.214997190073544,Micro-SIM,5G,Blue,IP68,4.9
Samsung,Phone-584,2010,6.6,Snapdragon,2,398,11,38,3661,Android,1918.1456768687617,188.37464681702244,154 x 68 x 8.757405102401991,Micro-SIM,5G,Black,IP68,3.2
Huawei,Phone-173,2012,4.9,Kirin,6,298,86,18,2080,Android,672.6446518185296,246.6666490700583,194 x 59 x 6.650782258130091,eSIM,4G,Gold,IP68,4.5
Apple,Phone-207,2012,6.7,Kirin,15,191,107,30,4377,Android,512.9292230825296,269.4530616412826,164 x 64 x 6.64551915006035,Nano-SIM,Bluetooth 5.0,Gold,IP68,4.8
Apple,Phone-803,2018,5.6,A-series,7,289,73,17,3090,iOS,469.71673399663166,281.4475136472646,132 x 75 x 5.80527639206697,Nano-SIM,4G,Blue,IP68,4.9
